Date,Indoor_Radon_pCi_L,Indoor_Humidity,Indoor_Temp,Outside_Temp,Outside_Pressure,Wind_Speed,Rainfall,Severe_Weather_Warning
2026-03-27,1.42,50.33,64.95,56.1,29.93,5.2,0.0,0
2026-03-28,0.95,40.40,68.39,52.8,29.76,11.9,0.0,0
2026-03-29,2.35,39.48,67.28,58.1,29.99,14.2,0.88,0
2026-03-30,2.48,45.62,65.30,63.8,29.78,11.2,0.36,0
2026-03-31,1.30,53.99,63.55,53.8,30.15,19.8,0.0,0
2026-04-01,0.74,55.14,63.94,54.3,29.8,10.6,0.0,0
2026-04-02,0.92,51.76,64.23,65.7,29.87,13.6,0.0,0
2026-04-03,0.66,58.26,64.16,61.4,30.04,15.3,0.04,0
2026-04-04,0.55,61.43,63.78,54.4,29.74,19.2,0.0,0
2026-04-05,0.96,53.94,66.69,61.0,29.95,10.5,0.0,0
2026-04-06,0.63,47.36,67.40,55.5,30.12,18.3,0.0,0
2026-04-07,0.72,42.97,66.91,56.0,29.68,14.8,0.0,0
2026-04-08,0.75,39.93,66.73,60.7,29.95,11.8,0.0,0
2026-04-09,1.14,46.44,64.10,48.3,29.96,16.1,0.0,0
2026-04-10,0.97,50.38,64.45,49.9,30.04,15.3,0.0,0
2026-04-11,0.68,54.43,57.71,57.4,29.73,12.9,0.42,0
2026-04-12,3.92,53.54,64.90,55.2,29.72,14.8,0.34,0
2026-04-13,7.89,57.93,68.37,63.6,30.0,13.4,0.0,0
2026-04-14,7.17,60.78,68.32,56.8,29.96,14.9,0.0,0
2026-04-15,6.93,71.31,64.66,54.2,29.96,16.5,0.0,0
2026-04-16,7.60,64.83,63.99,71.9,29.97,19.3,0.0,0
2026-04-17,7.21,61.55,63.73,62.3,29.82,10.7,0.0,0
2026-04-18,6.12,63.69,64.12,64.5,29.95,20.8,0.0,0
2026-04-19,8.75,54.66,64.18,56.0,29.96,8.5,0.0,0
2026-04-20,8.22,50.10,65.02,61.7,29.81,13.9,0.0,0
2026-04-21,7.11,48.45,64.21,66.1,30.2,16.1,0.08,0
2026-04-22,6.30,52.72,64.46,59.0,29.99,15.1,0.0,0
2026-04-23,5.39,53.83,64.05,68.6,29.74,12.3,0.08,0
2026-04-24,6.27,58.20,64.74,63.2,30.02,13.5,0.0,0
2026-04-25,6.57,58.29,64.72,65.5,29.77,12.6,0.0,0
2026-04-26,7.40,57.35,64.57,64.0,30.04,12.3,0.3,0
2026-04-27,5.84,56.59,63.87,79.2,30.09,16.5,0.0,0
2026-04-28,5.53,62.10,64.93,68.4,29.8,15.0,0.0,0
2026-04-29,7.44,60.11,64.87,62.5,30.06,11.8,0.0,0
2026-04-30,7.87,55.79,64.44,74.2,29.98,16.5,0.2,0
2026-05-01,8.87,54.12,64.75,62.4,30.04,14.7,0.0,0
2026-05-02,9.86,50.08,63.54,71.3,30.2,16.2,0.0,0
2026-05-03,8.43,49.63,63.34,58.7,29.88,15.5,0.0,0
2026-05-04,7.06,52.13,64.22,62.9,29.81,11.1,0.0,0
2026-05-05,6.56,57.44,65.14,72.4,29.79,11.9,0.0,0
2026-05-06,7.60,57.13,64.27,76.0,29.8,15.7,0.0,0
2026-05-07,7.27,54.78,64.05,73.0,29.91,15.2,0.0,0
2026-05-08,6.20,54.26,64.54,71.6,29.97,13.3,0.0,0
2026-05-09,7.51,56.31,64.59,70.8,29.96,13.6,0.0,0
2026-05-10,6.77,55.33,64.02,64.1,30.04,17.0,0.13,0
2026-05-11,7.26,51.74,63.94,69.0,29.92,11.4,0.59,0
2026-05-12,8.01,50.93,64.72,70.9,30.14,14.7,0.0,0
2026-05-13,7.29,56.26,65.38,80.3,29.88,12.4,0.0,0
2026-05-14,7.28,52.23,65.22,76.3,30.33,12.3,0.0,0
2026-05-15,8.67,54.28,64.97,64.0,30.01,16.2,0.28,0
2026-05-16,7.79,56.05,65.23,76.8,29.79,15.3,0.11,0
2026-05-17,5.47,60.16,65.09,72.8,29.76,15.2,0.05,0
2026-05-18,4.98,56.81,64.27,71.4,29.99,16.6,0.0,0
2026-05-19,4.05,64.57,65.13,79.4,29.89,12.6,0.0,0
2026-05-20,5.64,64.13,65.49,82.2,30.03,14.5,0.0,0
2026-05-21,7.85,62.52,66.24,81.8,29.99,11.5,0.0,0
2026-05-22,9.07,62.62,66.03,71.5,29.91,13.3,0.0,0
2026-05-23,10.20,65.97,65.97,74.9,29.79,11.9,0.0,0
2026-05-24,7.84,64.70,65.86,79.0,29.69,12.5,0.0,0
2026-05-25,6.20,59.99,66.43,83.0,29.85,13.9,0.0,0
2026-05-26,6.96,49.57,70.19,74.5,30.05,9.6,0.0,0
2026-05-27,4.69,49.24,71.51,76.5,29.95,18.2,0.0,0
2026-05-28,4.81,50.11,70.77,71.2,29.73,8.9,0.0,0
2026-05-29,4.35,46.24,69.92,70.8,29.95,8.1,0.0,0
2026-05-30,5.98,44.07,70.38,83.1,29.98,15.2,0.66,0
2026-05-31,6.54,44.46,69.77,86.5,29.79,14.0,0.0,0
2026-06-01,4.58,44.84,69.01,78.1,29.94,13.4,0.0,0
2026-06-02,5.80,45.15,69.19,84.7,29.93,13.3,0.57,0
2026-06-03,5.72,42.68,69.64,81.0,29.75,11.3,0.0,0
2026-06-04,4.44,41.55,69.09,75.1,29.97,8.6,0.0,0
2026-06-05,3.39,41.61,69.28,81.3,30.0,11.4,0.0,0
2026-06-06,2.63,42.47,70.30,88.5,30.08,9.1,0.0,0
2026-06-07,2.26,41.53,70.72,79.1,30.08,14.0,0.0,0
2026-06-08,2.25,43.38,69.63,88.8,29.71,10.5,0.71,1
2026-06-09,1.88,46.12,71.32,63.8,29.78,8.4,1.34,0
2026-06-10,1.60,42.04,72.01,84.6,30.0,9.8,0.05,0
2026-06-11,1.93,41.08,71.66,80.2,30.0,11.9,0.53,0
2026-06-12,2.87,42.88,70.97,78.0,30.0,8.9,1.11,0
2026-06-13,5.58,42.18,69.90,80.4,30.5,8.1,0.08,0
2026-06-14,4.58,47.17,70.21,68.0,30.01,11.2,0.0,0
2026-06-15,7.45,50.89,69.79,78.6,30.09,11.1,0.54,0
2026-06-16,6.81,46.61,69.38,82.1,30.06,8.7,0.0,0
2026-06-17,5.21,51.06,69.67,88.8,30.02,8.8,0.0,0
2026-06-18,5.28,51.01,71.43,76.9,29.87,10.8,0.0,0
2026-06-19,5.75,49.09,72.27,75.1,30.03,5.7,0.0,0
2026-06-20,3.64,45.27,72.33,77.0,29.8,5.7,0.09,0
2026-06-21,3.35,46.28,71.68,85.5,29.88,7.7,0.07,0
2026-06-22,4.93,51.69,70.15,81.9,29.85,9.1,0.07,0
2026-06-23,9.77,53.16,70.60,76.7,29.93,10.6,0.67,0
2026-06-24,8.34,46.06,70.98,83.0,30.27,14.0,0.44,0
2026-06-25,6.95,44.57,72.64,80.4,29.64,12.1,0.3,0
2026-06-26,4.82,46.74,71.06,85.6,30.02,8.9,0.18,0
2026-06-27,4.52,51.25,71.79,75.5,29.68,9.2,0.84,1
2026-06-28,3.99,44.70,72.15,77.7,29.85,6.2,0.0,0
2026-06-29,3.40,41.61,72.12,77.2,30.08,9.1,0.68,0
2026-06-30,2.39,40.75,71.70,70.7,29.93,8.2,0.0,0
2026-07-01,2.95,39.77,72.47,81.1,29.76,9.9,0.0,0
2026-07-02,1.51,39.63,73.30,80.8,29.81,6.4,0.0,0
2026-07-03,0.95,38.74,72.88,79.1,30.02,10.3,0.14,0
2026-07-04,1.00,39.01,72.09,77.6,29.81,13.3,0.0,0
2026-07-05,2.35,43.31,71.20,70.3,29.95,8.3,0.0,0
2026-07-06,3.28,45.69,72.55,76.2,29.93,9.7,0.11,0
2026-07-07,3.29,45.18,72.51,76.5,29.82,10.5,0.0,0
2026-07-08,3.32,42.40,73.71,73.6,30.24,7.2,0.0,0
2026-07-09,3.34,42.17,74.58,77.2,30.02,9.0,0.31,0
2026-07-10,2.54,42.25,74.11,80.4,29.62,8.2,0.95,1
2026-07-11,2.40,41.35,71.30,89.1,29.95,8.4,0.0,0
2026-07-12,2.95,45.94,70.56,78.7,29.82,5.7,0.0,0
2026-07-13,9.05,53.60,64.80,79.0,30.05,8.0,1.12,0
2026-07-14,6.76,54.10,64.70,76.7,29.8,9.4,0.4,0
2026-07-15,3.31,54.13,64.26,65.5,29.9,12.2,0.0,0
2026-07-16,2.12,53.08,64.38,76.6,30.0,10.6,0.0,0
2026-07-17,1.86,53.46,64.31,76.8,30.05,14.1,0.0,0
2026-07-18,1.62,53.42,64.13,91.0,29.74,5.3,0.0,0
2026-07-19,2.52,48.38,65.26,74.8,29.87,10.1,0.0,0
2026-07-20,4.40,53.81,64.86,77.5,29.85,8.0,0.0,0
2026-07-21,2.89,55.28,64.35,75.2,29.82,13.9,0.62,0
2026-07-22,4.36,55.33,64.36,68.1,30.18,4.9,0.07,0
2026-07-23,7.72,54.26,65.16,81.7,29.98,4.7,0.0,0
2026-07-24,4.96,48.20,65.63,79.1,29.73,5.3,0.0,0
2026-07-25,4.99,50.03,65.82,79.0,30.06,2.0,0.0,0
2026-07-26,4.39,44.89,67.66,68.5,30.24,5.4,0.0,0
2026-07-27,2.13,42.49,66.72,82.1,30.07,4.6,0.34,0
2026-07-28,3.62,43.26,67.16,64.9,29.69,7.3,0.0,0
2026-07-29,6.04,41.81,67.39,76.5,29.85,7.8,0.0,0
2026-07-30,4.98,40.80,67.76,85.8,30.11,12.3,0.17,0
2026-07-31,3.70,42.49,66.68,66.4,29.81,9.5,0.69,0
2026-08-01,3.58,42.20,67.82,68.5,29.99,4.9,0.0,0
2026-08-02,3.67,47.50,68.81,72.2,30.04,3.8,0.75,0
2026-08-03,5.44,45.56,68.90,68.2,29.78,7.9,0.0,0
2026-08-04,5.44,42.28,68.78,61.5,29.91,2.4,0.2,0

